{"return_user": {"mean": 0.4076666666666667, "std": 0.49148252655972086},
 "session_duration": {"mean": 1822.161, "std": 1021.1980331388369},
  "num_pages_viewed": {"mean": 10.057333333333334, "std": 5.474428677527668}, 
  "num_items_carted": {"mean": 4.525666666666667, "std": 2.8852699728958444}, 
  "has_viewed_shipping_info": {"mean": 0.30833333333333335, "std": 0.4618820201693727}, 
  "scroll_depth": {"mean": 54.842333333333336, "std": 25.975521498671235}, "cart_value": {"mean": 11794.003666666667, "std": 8080.286498527511}, "discount_applied": {"mean": 0.278, "std": 0.4480880802281484}, "shipping_fee": {"mean": 105.34366666666666, "std": 103.44484765028506}, 
  "free_shipping_eligible": {"mean": 0.4053333333333333, "std": 0.4910382827104739}, "if_payment_page_reached": {"mean": 0.49733333333333335, "std": 0.5000762418252857}}