,PC1,PC2
session_duration,-0.5106912673640072,-0.3852131802470011
num_pages_viewed,-0.7228556864687944,0.10593834549709863
scroll_depth,0.20086477456441093,0.6808052165379923
num_items_carted,0.14688235256350143,-0.2618742892122012
has_viewed_shipping_info,-0.3933865819044562,0.5552602871641281
