,PC1,PC2
session_duration,0.5106912673640076,0.3852131802469937
num_pages_viewed,0.7228556864687944,-0.10593834549710196
scroll_depth,-0.20086477456441298,-0.6808052165379996
num_items_carted,-0.14688235256349694,0.26187428921221373
has_viewed_shipping_info,0.393386581904456,-0.5552602871641179
