{"session_duration": {"mean": -5.921189464667501e-17, "std": 0.9998333194421292}, "num_pages_viewed": {"mean": -1.4447702293788703e-16, "std": 0.999833319442129}, "scroll_depth": {"mean": -1.0539717247108153e-16, "std": 0.9998333194421292}, "num_items_carted": {"mean": 4.525666666666667, "std": 2.884789054487154}, "has_viewed_shipping_info": {"mean": 0.30833333333333335, "std": 0.4618050334165803}}