,PC1,PC2
session_duration,0.002607830105927188,0.6451206971780815
num_pages_viewed,0.0014495070926038142,0.613370930832972
scroll_depth,0.0011180934918553233,-0.39519777000901307
cart_value,0.005425409329553657,-0.22674501298253041
shipping_fee,0.999980206280043,-0.000899415929976098
