{"session_duration": {"mean": 1822.161, "std": 1021.1980331388369}, "num_pages_viewed": {"mean": 10.057333333333334, "std": 5.474428677527668}, "scroll_depth": {"mean": 54.842333333333336, "std": 25.975521498671235}, "cart_value": {"mean": 8.272613749463543, "std": 2.9494043359436457}}