{"session_duration": {"mean": 1822.161, "std": 1021.1980331388369}, "num_pages_viewed": {"mean": 10.057333333333334, "std": 5.474428677527668}, "num_items_carted": {"mean": 4.525666666666667, "std": 2.8852699728958444}, "scroll_depth": {"mean": 54.842333333333336, "std": 25.975521498671235}, "cart_value": {"mean": 11794.003666666667, "std": 8080.286498527511}, "shipping_fee": {"mean": 105.34366666666666, "std": 103.44484765028506}}